[
  {
    "pk": 1, 
    "model": "localboats.place", 
    "fields": {
      "website": "http://www.buckenhamsailingclub.co.uk/", 
      "name": "Buckenham Sailing Club", 
      "longitude": null, 
      "postcode": "", 
      "address": "", 
      "latitude": null, 
      "description": ""
    }
  }, 
  {
    "pk": 2, 
    "model": "localboats.place", 
    "fields": {
      "website": "http://www.puntclub.co.uk/", 
      "name": "Norfolk Punt Club", 
      "longitude": 1.4963078498840332, 
      "postcode": "", 
      "address": "", 
      "latitude": 52.74213779259637, 
      "description": ""
    }
  }, 
  {
    "pk": 3, 
    "model": "localboats.place", 
    "fields": {
      "website": "http://www.victoryhall.info/", 
      "name": "New Victory Hall, Neatishead", 
      "longitude": null, 
      "postcode": "NR12 8AD", 
      "address": "", 
      "latitude": null, 
      "description": ""
    }
  }, 
  {
    "pk": 4, 
    "model": "localboats.place", 
    "fields": {
      "website": "http://www.hicklingbroad.com/", 
      "name": "Hickling Broad Sailing CLub", 
      "longitude": 1.5700900554656982, 
      "postcode": "NR12 0YJ", 
      "address": "Staithe Rd, \r\nHickling, \r\nNorwich, \r\nNorfolk\r\n", 
      "latitude": 52.745580150689364, 
      "description": ""
    }
  }, 
  {
    "pk": 5, 
    "model": "localboats.place", 
    "fields": {
      "website": "http://www.nbyc.co.uk/", 
      "name": "Norfolk Broads Yacht Club", 
      "longitude": null, 
      "postcode": "NR12 8TS", 
      "address": "The Avenue,\t\r\nWroxham,\t\r\nNorwich,\t\r\nNorfolk\t\r\n", 
      "latitude": null, 
      "description": ""
    }
  }, 
  {
    "pk": 6, 
    "model": "localboats.place", 
    "fields": {
      "website": "http://www.aldeburghyc.org.uk/", 
      "name": "Aldeburgh Yacht Club", 
      "longitude": null, 
      "postcode": "IP15 5NA", 
      "address": "Slaughden Road, \r\nAldeburgh,\r\nSuffolk\r\n", 
      "latitude": null, 
      "description": ""
    }
  }, 
  {
    "pk": 6, 
    "model": "localboats.person", 
    "fields": {
      "name": "Andrew Friend"
    }
  }, 
  {
    "pk": 7, 
    "model": "localboats.person", 
    "fields": {
      "name": "Ben Girling"
    }
  }, 
  {
    "pk": 13, 
    "model": "localboats.person", 
    "fields": {
      "name": "Felix Dixey"
    }
  }, 
  {
    "pk": 11, 
    "model": "localboats.person", 
    "fields": {
      "name": "Ian Bray"
    }
  }, 
  {
    "pk": 3, 
    "model": "localboats.person", 
    "fields": {
      "name": "James Jarvey"
    }
  }, 
  {
    "pk": 10, 
    "model": "localboats.person", 
    "fields": {
      "name": "Jane Pye"
    }
  }, 
  {
    "pk": 12, 
    "model": "localboats.person", 
    "fields": {
      "name": "Max Dixey"
    }
  }, 
  {
    "pk": 5, 
    "model": "localboats.person", 
    "fields": {
      "name": "Paul Jarvey"
    }
  }, 
  {
    "pk": 9, 
    "model": "localboats.person", 
    "fields": {
      "name": "Rachel Clayton"
    }
  }, 
  {
    "pk": 15, 
    "model": "localboats.person", 
    "fields": {
      "name": "Rob Marriott"
    }
  }, 
  {
    "pk": 16, 
    "model": "localboats.person", 
    "fields": {
      "name": "Robin Myerscough"
    }
  }, 
  {
    "pk": 1, 
    "model": "localboats.person", 
    "fields": {
      "name": "Rupert Redington"
    }
  }, 
  {
    "pk": 8, 
    "model": "localboats.person", 
    "fields": {
      "name": "Simon Clayton"
    }
  }, 
  {
    "pk": 4, 
    "model": "localboats.person", 
    "fields": {
      "name": "T.A. Clarence-Smith"
    }
  }, 
  {
    "pk": 2, 
    "model": "localboats.person", 
    "fields": {
      "name": "Unknown"
    }
  }, 
  {
    "pk": 14, 
    "model": "localboats.person", 
    "fields": {
      "name": "William Daniels"
    }
  }, 
  {
    "pk": 1, 
    "model": "localboats.boatbuilder", 
    "fields": {
      "name": "Colin McDougall"
    }
  }, 
  {
    "pk": 2, 
    "model": "localboats.boatbuilder", 
    "fields": {
      "name": "Eastwood and Whelpton of Upton"
    }
  }, 
  {
    "pk": 6, 
    "model": "localboats.boatbuilder", 
    "fields": {
      "name": "Herbert Woods of Potter Heigham"
    }
  }, 
  {
    "pk": 5, 
    "model": "localboats.boatbuilder", 
    "fields": {
      "name": "Jeff Green"
    }
  }, 
  {
    "pk": 4, 
    "model": "localboats.boatbuilder", 
    "fields": {
      "name": "Richard Parker"
    }
  }, 
  {
    "pk": 3, 
    "model": "localboats.boatbuilder", 
    "fields": {
      "name": "S. Read"
    }
  }, 
  {
    "pk": 1, 
    "model": "localboats.designer", 
    "fields": {
      "name": "Dick Wyche"
    }
  }, 
  {
    "pk": 4, 
    "model": "localboats.designer", 
    "fields": {
      "name": "Herbert Woods"
    }
  }, 
  {
    "pk": 3, 
    "model": "localboats.designer", 
    "fields": {
      "name": "Phil Morrison"
    }
  }, 
  {
    "pk": 2, 
    "model": "localboats.designer", 
    "fields": {
      "name": "Wyche and Coppock"
    }
  }, 
  {
    "pk": 2, 
    "model": "localboats.design", 
    "fields": {
      "designer": 2, 
      "name": "Hardchine"
    }
  }, 
  {
    "pk": 3, 
    "model": "localboats.design", 
    "fields": {
      "designer": 3, 
      "name": "Morrison"
    }
  }, 
  {
    "pk": 4, 
    "model": "localboats.design", 
    "fields": {
      "designer": 4, 
      "name": "Traditional"
    }
  }, 
  {
    "pk": 1, 
    "model": "localboats.construction", 
    "fields": {
      "name": "Fibreglass"
    }
  }, 
  {
    "pk": 2, 
    "model": "localboats.construction", 
    "fields": {
      "name": "Plywood"
    }
  }, 
  {
    "pk": 3, 
    "model": "localboats.construction", 
    "fields": {
      "name": "Cold-moulded Plywood"
    }
  }, 
  {
    "pk": 4, 
    "model": "localboats.construction", 
    "fields": {
      "name": "Carbon Foam Sandwich (Wooden Decks)"
    }
  }, 
  {
    "pk": 5, 
    "model": "localboats.construction", 
    "fields": {
      "name": "Wood (Carvel)"
    }
  }, 
  {
    "pk": 5, 
    "model": "localboats.boat", 
    "fields": {
      "loa": 22.0, 
      "year_built": 2003, 
      "name": "Snow Goose", 
      "handicap": 908, 
      "builder": 5, 
      "previous_names": "", 
      "construction": 4, 
      "design": 2, 
      "sail_number": 96, 
      "slug": "snow-goose"
    }
  }, 
  {
    "pk": 4, 
    "model": "localboats.boat", 
    "fields": {
      "loa": 22.0, 
      "year_built": 1993, 
      "name": "Peregrine", 
      "handicap": 875, 
      "builder": 4, 
      "previous_names": "", 
      "construction": 3, 
      "design": 3, 
      "sail_number": 86, 
      "slug": "peregrine"
    }
  }, 
  {
    "pk": 3, 
    "model": "localboats.boat", 
    "fields": {
      "loa": 22.0, 
      "year_built": 1989, 
      "name": "Blackbird", 
      "handicap": 875, 
      "builder": 3, 
      "previous_names": "", 
      "construction": 3, 
      "design": 3, 
      "sail_number": 74, 
      "slug": "blackbird"
    }
  }, 
  {
    "pk": 1, 
    "model": "localboats.boat", 
    "fields": {
      "loa": 22.0, 
      "year_built": 1978, 
      "name": "Grebe", 
      "handicap": 908, 
      "builder": 1, 
      "previous_names": "", 
      "construction": 1, 
      "design": 2, 
      "sail_number": 66, 
      "slug": "grebe"
    }
  }, 
  {
    "pk": 2, 
    "model": "localboats.boat", 
    "fields": {
      "loa": 22.0, 
      "year_built": 1961, 
      "name": "Harnser", 
      "handicap": 908, 
      "builder": 2, 
      "previous_names": "", 
      "construction": 2, 
      "design": 2, 
      "sail_number": 51, 
      "slug": "harnser"
    }
  }, 
  {
    "pk": 7, 
    "model": "localboats.boat", 
    "fields": {
      "loa": 22.0, 
      "year_built": 1936, 
      "name": "Swallow II", 
      "handicap": 1027, 
      "builder": 6, 
      "previous_names": "", 
      "construction": 5, 
      "design": 4, 
      "sail_number": 35, 
      "slug": "swallow-ii"
    }
  }, 
  {
    "pk": 6, 
    "model": "localboats.boat", 
    "fields": {
      "loa": 22.0, 
      "year_built": 1930, 
      "name": "Rushlight", 
      "handicap": 1064, 
      "builder": 6, 
      "previous_names": "", 
      "construction": 5, 
      "design": 4, 
      "sail_number": 27, 
      "slug": "rushlight"
    }
  }, 
  {
    "pk": 1, 
    "model": "localboats.note", 
    "fields": {
      "text": "Re-decked 1998", 
      "refers_to": 4
    }
  }, 
  {
    "pk": 2, 
    "model": "localboats.note", 
    "fields": {
      "text": "Decked in wood by James Jarvey", 
      "refers_to": 5
    }
  }, 
  {
    "pk": 1, 
    "model": "localboats.ownership", 
    "fields": {
      "owner": 1, 
      "owned_from": 2010, 
      "owned_to": null, 
      "boat": 1
    }
  }, 
  {
    "pk": 2, 
    "model": "localboats.ownership", 
    "fields": {
      "owner": 3, 
      "owned_from": 2003, 
      "owned_to": null, 
      "boat": 2
    }
  }, 
  {
    "pk": 3, 
    "model": "localboats.ownership", 
    "fields": {
      "owner": 4, 
      "owned_from": 1974, 
      "owned_to": 1991, 
      "boat": 2
    }
  }, 
  {
    "pk": 1, 
    "model": "localboats.picture", 
    "fields": {
      "view_count": 0, 
      "added": "2012-01-08T18:21:01.033", 
      "attribution": 16, 
      "license": 1, 
      "date_taken": "2012-01-08T18:21:02.442", 
      "title": "Blackbird", 
      "image": "photologue/photos/6067077981_cdb415fef4_o.jpg", 
      "created": "2011-08-20", 
      "crop_from": "center", 
      "effect": null, 
      "caption": "", 
      "slug": "blackbird"
    }
  }, 
  {
    "pk": 2, 
    "model": "localboats.picture", 
    "fields": {
      "view_count": 0, 
      "added": "2012-01-08T18:30:56.568", 
      "attribution": 16, 
      "license": 1, 
      "date_taken": "2012-01-08T18:30:56.776", 
      "title": "Harnser", 
      "image": "photologue/photos/6067500412_9d3710a001_b.jpg", 
      "created": "2011-08-20", 
      "crop_from": "center", 
      "effect": null, 
      "caption": "", 
      "slug": "harnser"
    }
  }, 
  {
    "pk": 3, 
    "model": "localboats.picture", 
    "fields": {
      "view_count": 0, 
      "added": "2012-01-08T19:35:20.489", 
      "attribution": 16, 
      "license": 1, 
      "date_taken": "2012-01-08T19:35:20.782", 
      "title": "Champs 2011", 
      "image": "photologue/photos/6067677296_09c1b51962_b.jpg", 
      "created": "2011-08-20", 
      "crop_from": "center", 
      "effect": null, 
      "caption": "Shortly after the start of race 2. ", 
      "slug": "champs-2011"
    }
  }, 
  {
    "pk": 4, 
    "model": "localboats.picture", 
    "fields": {
      "view_count": 0, 
      "added": "2012-01-18T08:25:00.479", 
      "attribution": 16, 
      "license": 1, 
      "date_taken": "2012-01-18T08:25:00.821", 
      "title": "Peregrine", 
      "image": "photologue/photos/peregrine.jpg", 
      "created": "2011-08-01", 
      "crop_from": "center", 
      "effect": null, 
      "caption": "", 
      "slug": "peregrine"
    }
  }, 
  {
    "pk": 5, 
    "model": "localboats.picture", 
    "fields": {
      "view_count": 0, 
      "added": "2012-04-25T20:19:24.649", 
      "attribution": 16, 
      "license": 1, 
      "date_taken": "2012-04-25T20:19:24.834", 
      "title": "Never Look Back", 
      "image": "photologue/photos/snowgoose.jpg", 
      "created": null, 
      "crop_from": "center", 
      "effect": null, 
      "caption": "", 
      "slug": "never-look-back"
    }
  }, 
  {
    "pk": 1, 
    "model": "localboats.boatdepiction", 
    "fields": {
      "target": 3, 
      "image": 1, 
      "height": 92, 
      "width": 92, 
      "top": 0, 
      "left": 1
    }
  }, 
  {
    "pk": 2, 
    "model": "localboats.boatdepiction", 
    "fields": {
      "target": 2, 
      "image": 2, 
      "height": 85, 
      "width": 42, 
      "top": 4, 
      "left": 24
    }
  }, 
  {
    "pk": 3, 
    "model": "localboats.boatdepiction", 
    "fields": {
      "target": 4, 
      "image": 3, 
      "height": 93, 
      "width": 33, 
      "top": 5, 
      "left": 42
    }
  }, 
  {
    "pk": 4, 
    "model": "localboats.boatdepiction", 
    "fields": {
      "target": 2, 
      "image": 3, 
      "height": 36, 
      "width": 12, 
      "top": 2, 
      "left": 27
    }
  }, 
  {
    "pk": 5, 
    "model": "localboats.boatdepiction", 
    "fields": {
      "target": 7, 
      "image": 3, 
      "height": 91, 
      "width": 28, 
      "top": 5, 
      "left": 11
    }
  }, 
  {
    "pk": 6, 
    "model": "localboats.boatdepiction", 
    "fields": {
      "target": 3, 
      "image": 3, 
      "height": 15, 
      "width": 16, 
      "top": 72, 
      "left": 9
    }
  }, 
  {
    "pk": 7, 
    "model": "localboats.boatdepiction", 
    "fields": {
      "target": 1, 
      "image": 3, 
      "height": 15, 
      "width": 10, 
      "top": 74, 
      "left": 0
    }
  }, 
  {
    "pk": 8, 
    "model": "localboats.boatdepiction", 
    "fields": {
      "target": 4, 
      "image": 4, 
      "height": 86, 
      "width": 72, 
      "top": 0, 
      "left": 23
    }
  }, 
  {
    "pk": 9, 
    "model": "localboats.boatdepiction", 
    "fields": {
      "target": 5, 
      "image": 5, 
      "height": 64, 
      "width": 28, 
      "top": 30, 
      "left": 53
    }
  }, 
  {
    "pk": 1, 
    "model": "localboats.persondepiction", 
    "fields": {
      "target": 7, 
      "image": 1, 
      "height": 7, 
      "width": 10, 
      "top": 69, 
      "left": 44
    }
  }, 
  {
    "pk": 2, 
    "model": "localboats.persondepiction", 
    "fields": {
      "target": 6, 
      "image": 1, 
      "height": 7, 
      "width": 10, 
      "top": 71, 
      "left": 34
    }
  }, 
  {
    "pk": 3, 
    "model": "localboats.persondepiction", 
    "fields": {
      "target": 9, 
      "image": 3, 
      "height": 14, 
      "width": 10, 
      "top": 78, 
      "left": 64
    }
  }, 
  {
    "pk": 4, 
    "model": "localboats.persondepiction", 
    "fields": {
      "target": 8, 
      "image": 3, 
      "height": 14, 
      "width": 10, 
      "top": 80, 
      "left": 53
    }
  }, 
  {
    "pk": 5, 
    "model": "localboats.persondepiction", 
    "fields": {
      "target": 5, 
      "image": 3, 
      "height": 14, 
      "width": 10, 
      "top": 75, 
      "left": 43
    }
  }, 
  {
    "pk": 6, 
    "model": "localboats.persondepiction", 
    "fields": {
      "target": 3, 
      "image": 3, 
      "height": 14, 
      "width": 10, 
      "top": 77, 
      "left": 37
    }
  }, 
  {
    "pk": 7, 
    "model": "localboats.persondepiction", 
    "fields": {
      "target": 6, 
      "image": 3, 
      "height": 14, 
      "width": 10, 
      "top": 73, 
      "left": 15
    }
  }, 
  {
    "pk": 8, 
    "model": "localboats.persondepiction", 
    "fields": {
      "target": 14, 
      "image": 3, 
      "height": 14, 
      "width": 10, 
      "top": 77, 
      "left": 21
    }
  }, 
  {
    "pk": 9, 
    "model": "localboats.persondepiction", 
    "fields": {
      "target": 15, 
      "image": 3, 
      "height": 14, 
      "width": 10, 
      "top": 74, 
      "left": 30
    }
  }, 
  {
    "pk": 10, 
    "model": "localboats.persondepiction", 
    "fields": {
      "target": 9, 
      "image": 4, 
      "height": 15, 
      "width": 10, 
      "top": 41, 
      "left": 25
    }
  }, 
  {
    "pk": 11, 
    "model": "localboats.persondepiction", 
    "fields": {
      "target": 8, 
      "image": 4, 
      "height": 15, 
      "width": 10, 
      "top": 41, 
      "left": 30
    }
  }, 
  {
    "pk": 12, 
    "model": "localboats.persondepiction", 
    "fields": {
      "target": 10, 
      "image": 5, 
      "height": 15, 
      "width": 10, 
      "top": 53, 
      "left": 38
    }
  }, 
  {
    "pk": 13, 
    "model": "localboats.persondepiction", 
    "fields": {
      "target": 11, 
      "image": 5, 
      "height": 15, 
      "width": 10, 
      "top": 45, 
      "left": 11
    }
  }
]